id,creation date,last update date,accepted date
1,2021-11-11,2021-11-24,2022-03-21
2,2023-05-19,2023-07-27,2024-01-14
3,2020-02-03,2020-03-05,2020-12-11
4,2021-04-18,2021-12-02,2021-04-20
5,2021-11-17,2022-02-26,2021-12-12
6,2022-07-19,2022-10-23,2022-12-06
7,2022-11-30,2022-12-14,2023-06-29
8,2022-05-21,2022-10-11,2022-07-14
9,2021-09-08,2021-10-06,2022-04-02
10,2022-03-21,2023-01-27,2022-07-23
11,2023-04-26,2023-06-11,2023-09-29
12,2022-05-02,2022-09-09,2022-09-30
13,2022-05-30,2023-03-16,2022-09-24
14,2021-04-20,2021-09-19,2021-09-23
15,2022-09-22,2023-02-10,2023-06-08
16,2021-10-21,2021-12-06,2022-06-14
17,2022-06-03,2023-01-24,2023-01-03
18,2023-10-09,2023-12-19,2023-10-28
19,2023-02-26,2023-11-26,2023-10-15
20,2022-06-22,2022-07-02,2022-10-28
21,2020-06-19,2021-01-13,2021-05-07
22,2023-11-24,2024-06-11,2024-06-30
23,2021-10-25,2022-06-14,2022-05-02
24,2021-03-01,2021-11-06,2021-07-06
25,2022-12-24,2023-12-14,2023-06-14
26,2023-08-13,2023-09-26,2024-01-11
27,2020-07-11,2021-05-06,2020-08-05
28,2023-01-14,2023-05-03,2023-12-17
29,2022-05-16,2023-04-12,2023-02-01
30,2023-02-08,2023-10-26,2023-07-29
31,2020-08-31,2020-12-16,2021-05-04
32,2023-10-07,2024-10-02,2024-07-13
33,2023-10-08,2024-06-19,2024-04-03
34,2023-09-04,2024-02-01,2024-05-07
35,2021-07-25,2021-07-28,2021-12-04
36,2020-11-15,2021-01-10,2021-10-25
37,2023-08-08,2024-04-19,2023-11-28
38,2023-09-10,2024-07-10,2023-12-08
39,2023-06-26,2023-08-27,2024-06-07
40,2021-06-24,2022-01-03,2021-12-02
41,2023-04-07,2024-01-26,2023-04-20
42,2020-06-27,2020-11-01,2020-10-16
43,2020-12-06,2021-11-13,2021-05-31
44,2021-12-29,2022-08-06,2022-07-24
45,2023-09-11,2023-11-11,2024-07-14
46,2020-06-07,2021-01-24,2021-05-07
47,2023-10-07,2024-09-29,2024-04-19
48,2021-10-12,2022-09-01,2022-03-09
49,2023-03-11,2023-06-12,2023-05-13
50,2020-06-12,2020-10-13,2020-09-07
51,2021-12-14,2022-08-03,2022-06-24
52,2020-12-17,2021-08-04,2021-01-03
53,2022-05-09,2022-09-25,2022-08-09
54,2020-09-15,2021-06-07,2021-05-08
55,2023-11-07,2024-08-14,2024-03-03
56,2020-07-29,2021-05-06,2020-08-13
57,2022-04-21,2022-11-17,2023-01-13
58,2020-04-11,2020-11-22,2021-03-27
59,2023-04-13,2023-05-18,2023-08-11
60,2022-05-03,2022-11-24,2022-05-06
61,2022-05-18,2022-08-30,2023-02-16
62,2022-02-20,2022-10-01,2022-04-11
63,2020-08-02,2021-03-31,2021-07-25
64,2020-02-02,2020-06-20,2020-12-26
65,2020-04-15,2020-12-23,2020-12-14
66,2022-12-10,2023-11-19,2023-02-07
67,2023-02-12,2023-02-13,2023-08-27
68,2023-09-08,2024-07-12,2024-07-13
69,2022-10-19,2023-02-25,2022-11-14
70,2022-08-13,2023-01-10,2023-01-05
71,2021-12-10,2022-12-03,2022-02-16
72,2023-07-22,2024-01-17,2023-09-05
73,2022-09-03,2023-05-29,2023-07-03
74,2022-06-22,2022-11-16,2022-12-07
75,2023-11-07,2024-10-18,2024-06-13
76,2020-12-27,2021-06-20,2021-06-07
77,2023-11-20,2024-04-09,2023-12-10
78,2023-12-17,2024-03-17,2024-08-04
79,2022-07-05,2022-08-02,2023-05-17
80,2020-06-27,2020-09-11,2020-11-15
81,2022-01-27,2022-09-09,2022-06-21
82,2021-09-12,2022-03-29,2022-03-07
83,2023-01-17,2023-07-03,2023-03-16
84,2020-09-21,2020-11-08,2021-08-27
85,2023-12-23,2024-07-10,2024-10-15
86,2021-11-10,2022-10-05,2022-04-08
87,2020-10-22,2021-03-13,2020-12-23
88,2023-07-29,2023-10-25,2024-03-26
89,2021-01-12,2021-05-05,2021-12-02
90,2021-10-24,2022-09-01,2022-06-17
91,2021-10-03,2022-01-12,2022-08-30
92,2021-12-17,2022-04-04,2022-05-10
93,2022-02-04,2022-11-14,2022-07-25
94,2023-10-24,2023-11-12,2024-09-12
95,2020-09-30,2020-10-22,2021-07-17
96,2020-05-28,2020-08-31,2020-08-20
97,2022-02-12,2023-01-13,2022-02-23
98,2022-11-24,2023-05-22,2023-02-19
99,2023-08-16,2023-09-01,2023-12-07
100,2021-10-18,2022-03-02,2021-12-24
